model,F1_score,accuracy,precision,recall
logreg2,0.3114790597893,0.340125,0.216416475739935,0.173518534361586
SVC2,0.291445084129739,0.33825,0.22098466800346,0.155819575893633
SGDC2,0.304536265399519,0.329125,0.194847901864828,0.172214753620138
KNC2,0.162560873794229,0.23925,0.141486990629425,0.094472018268841
dtree2,0.275582832813995,0.28875,0.174474892971429,0.160241939853503
